Gender,Squad,Poss,Performance Gls,Performance Ast,Performance G-PK,Performance PK,Performance PKatt,Performance CrdY,Performance CrdR,Expected xG,Expected npxG,Expected xAG,Expected npxG+xAG,Progression PrgC,Progression PrgP,Per 90 Minutes Gls,Per 90 Minutes Ast,Per 90 Minutes G-PK,Per 90 Minutes G+A-PK,Per 90 Minutes xG,Per 90 Minutes xAG,Per 90 Minutes xG+xAG,Per 90 Minutes npxG,Per 90 Minutes npxG+xAG,Performance GA,Performance GA90,Performance SoTA,Performance Saves,Performance W,Performance D,Performance L,Performance CS,Penalty Kicks PKatt,Penalty Kicks PKA,Penalty Kicks PKsv,Penalty Kicks PKm,Goals FK,Goals CK,Goals OG,Expected PSxG,Expected PSxG/SoT,Expected PSxG+/-,Expected /90,Launched Cmp,Launched Att,Passes Att,Passes Thr,Passes Launch%,Passes AvgLen,Goal Kicks Att,Goal Kicks Launch%,Goal Kicks AvgLen,Crosses Opp,Crosses Stp,Sweeper #OPA,Sweeper #OPA/90,Sweeper AvgDist,Standard Sh,Standard SoT,Standard Sh/90,Standard SoT/90,Standard G/Sh,Standard G/SoT,Standard Dist,Standard FK,Expected npxG/Sh,Expected G-xG,Expected np:G-xG,Total Cmp,Total TotDist,Total PrgDist,Short Cmp,Short Att,Medium Cmp,Medium Att,Long Cmp,Long Att,xA,A-xAG,KP,1/3,PPA,CrsPA,PrgP,Pass Types Live,Pass Types Dead,Pass Types FK,Pass Types TB,Pass Types Sw,Pass Types Crs,Pass Types TI,Pass Types CK,Corner Kicks In,Corner Kicks Out,Corner Kicks Str,Outcomes Cmp,Outcomes Off,Outcomes Blocks,SCA SCA,SCA SCA90,SCA Types PassLive,SCA Types PassDead,SCA Types TO,SCA Types Sh,SCA Types Fld,SCA Types Def,GCA GCA,GCA GCA90,GCA Types PassLive,GCA Types PassDead,GCA Types TO,GCA Types Sh,GCA Types Fld,GCA Types Def,Tackles Tkl,Tackles TklW,Tackles Def 3rd,Tackles Mid 3rd,Tackles Att 3rd,Challenges Tkl,Challenges Att,Challenges Lost,Blocks Blocks,Blocks Sh,Blocks Pass,Int,Clr,Err,Touches Touches,Touches Def Pen,Touches Def 3rd,Touches Mid 3rd,Touches Att 3rd,Touches Att Pen,Touches Live,Take-Ons Att,Take-Ons Succ,Take-Ons Tkld,Take-Ons Tkld%,Carries Carries,Carries TotDist,Carries PrgDist,Carries PrgC,Carries 1/3,Carries CPA,Carries Mis,Carries Dis,Receiving Rec,Receiving PrgR,Subs Subs,Subs Mn/Sub,Performance Fls,Performance Fld,Performance Off,Performance Recov,Aerial Duels Won,Aerial Duels Lost
Male,Atlanta Utd,57.1,48,37,47,1,3,69,3,55.8,54.1,43.5,97.6,725,1521,1.41,1.09,1.38,2.47,1.64,1.28,2.92,1.59,2.87,54,1.59,125,71,10,10,14,6,6,6,0,0,1,12,0,45.3,0.32,-8.7,-0.25,115,243,1002,161,17.8,26.8,220,29.5,29.9,469,26,19,0.56,13.2,537,180,15.79,5.29,0.09,0.26,18.1,18,0.1,-7.8,-7.1,15046,265649,92558,6669,7365,6321,7236,1598,2587,42.6,-6.5,422,1147,317,73,1521,16557,1612,448,71,164,702,603,221,96,97,0,15046,64,295,962,28.29,728,83,55,51,38,7,86,2.53,60,9,9,5,3,0,534,302,252,212,70,254,518,264,357,107,250,291,588,4,21946,2170,6892,9932,5355,825,21943,676,384,253,37.4,12852,73224,37877,725,579,169,539,328,14901,1505,143,22,387,391,64,1845,365,355
Male,Austin,55.2,64,47,60,4,4,73,4,50.9,47.9,36.2,84.1,478,1351,1.88,1.38,1.76,3.15,1.5,1.07,2.56,1.41,2.47,49,1.44,161,111,16,8,10,8,7,5,2,0,0,6,1,49.4,0.27,1.4,0.04,129,398,1082,181,23.7,29.3,277,51.3,42.8,446,31,63,1.85,16.6,420,136,12.35,4,0.14,0.44,16.8,17,0.12,13.1,12.1,13719,257958,89048,5731,6394,6104,6985,1680,2924,39.7,10.8,302,1064,304,76,1351,15271,1594,417,39,220,586,664,152,77,36,2,13719,64,217,723,21.26,542,56,30,47,37,11,106,3.12,81,4,3,10,6,2,397,229,204,135,58,203,482,279,335,110,225,292,504,16,20105,2230,6885,8531,4862,743,20101,479,246,213,44.5,11750,60052,30361,478,398,88,463,255,13609,1347,168,22,420,353,64,1542,362,368
Male,CF Montréal,54.9,61,47,56,5,7,79,3,55.3,50,39.9,89.9,591,1546,1.79,1.38,1.65,3.03,1.63,1.17,2.8,1.47,2.64,50,1.47,123,75,20,5,9,7,6,6,0,0,1,7,2,40.1,0.28,-7.9,-0.23,74,191,641,139,20.6,27.3,229,25.8,26.4,354,25,33,0.97,13.8,418,148,12.29,4.35,0.13,0.38,16.7,10,0.12,5.7,6,14888,264037,94953,6785,7520,6232,7150,1559,2498,36.1,7.1,328,1310,291,69,1546,16342,1625,477,37,187,593,650,185,80,71,0,14888,50,283,749,22.03,541,79,47,43,31,8,109,3.21,76,6,15,6,4,2,443,266,182,201,60,201,409,208,301,59,242,287,456,12,21282,1687,5772,10640,5092,777,21275,626,341,253,40.4,12453,64663,31065,591,430,170,527,299,14750,1539,153,22,382,408,50,1820,382,299
Male,Charlotte,53.4,42,31,38,4,4,62,2,41.8,38.8,30.1,68.8,468,1220,1.24,0.91,1.12,2.03,1.23,0.89,2.12,1.14,2.02,52,1.53,156,105,13,3,18,8,4,4,0,0,1,6,1,45,0.27,-6,-0.18,180,477,1072,148,33.8,32.9,222,51.8,42.8,449,27,32,0.94,15.2,380,141,11.18,4.15,0.1,0.27,17.8,14,0.1,0.2,-0.8,13762,253941,89594,5643,6322,6341,7253,1485,2784,31.4,0.9,284,974,246,73,1220,15542,1627,427,40,156,644,688,171,68,60,8,13762,33,306,665,19.56,486,72,21,49,32,5,74,2.18,54,3,2,9,5,1,506,297,245,188,73,234,498,264,360,116,244,302,590,10,20649,2255,6999,9318,4510,644,20644,515,241,245,47.6,11824,57438,28175,468,378,114,510,316,13652,1203,155,19,429,371,33,1759,387,454
Male,Chicago Fire,49,39,29,35,4,5,86,5,47,43.1,32.7,75.8,459,1275,1.15,0.85,1.03,1.88,1.38,0.96,2.34,1.27,2.23,48,1.41,133,86,10,9,15,12,5,5,0,0,1,4,1,47.6,0.33,0.6,0.02,192,468,714,126,42.2,36,267,62.5,44.5,469,21,25,0.74,12.3,424,131,12.47,3.85,0.08,0.27,17.7,16,0.1,-8,-8.1,11822,214759,84712,5334,6144,4809,5781,1417,2587,33,-3.7,315,973,286,86,1275,13550,1717,494,36,157,603,717,156,92,38,0,11822,77,265,743,21.85,554,51,36,49,37,16,70,2.06,58,2,1,4,3,2,591,345,279,231,81,273,570,297,349,102,247,368,591,8,19028,1934,6064,8446,4697,739,19023,486,237,228,46.9,9814,50085,24163,459,371,133,563,304,11731,1264,127,20,468,436,77,1864,443,415
Male,Colorado Rapids,48.2,46,29,41,5,5,94,6,50.8,47,36.4,83.4,493,1203,1.35,0.85,1.21,2.06,1.49,1.07,2.57,1.38,2.45,57,1.68,158,100,11,10,13,9,11,10,1,0,0,5,0,52.3,0.26,-4.7,-0.14,143,360,692,149,37.1,34.5,274,37.6,34,413,10,26,0.76,14.9,443,140,13.03,4.12,0.09,0.29,17.1,13,0.11,-4.8,-6,11340,224505,85484,4380,4995,5132,5974,1644,2857,34.9,-7.4,342,991,267,57,1203,12857,1581,415,37,204,625,615,182,97,80,0,11340,55,244,804,23.65,559,88,49,52,45,11,78,2.29,54,5,3,8,7,1,468,265,217,194,57,215,453,238,347,133,214,299,604,13,17825,2066,6230,7871,3897,759,17820,462,248,182,39.4,9768,50693,25987,493,303,152,466,196,11244,1192,139,19,422,367,55,1604,469,364
Male,Columbus Crew,52.5,46,34,45,1,2,65,1,40.6,39,30.6,69.6,660,1379,1.35,1,1.32,2.32,1.19,0.9,2.09,1.15,2.05,41,1.21,142,103,10,16,8,9,4,3,0,1,0,8,2,43.8,0.3,4.8,0.14,127,392,647,122,39.4,35.2,252,54.4,41.4,472,18,15,0.44,11.4,445,141,13.09,4.15,0.1,0.32,18.8,27,0.09,5.4,6,13516,245970,88008,5858,6552,5863,6763,1512,2606,31.9,3.4,333,1084,293,59,1379,15030,1647,505,45,161,582,643,169,66,66,2,13516,60,257,783,23.03,582,55,53,35,44,14,81,2.38,60,6,4,6,5,0,548,319,271,213,64,241,511,270,314,90,224,318,561,9,20412,2054,6325,8906,5393,749,20410,677,323,307,45.3,12034,64889,31971,660,508,186,531,277,13421,1375,125,19,359,483,60,1806,421,463
Male,D.C. United,46.9,36,25,34,2,4,73,5,36.9,33.7,26.1,59.8,471,1130,1.06,0.74,1,1.74,1.09,0.77,1.85,0.99,1.76,71,2.09,189,119,7,6,21,6,5,3,2,0,1,12,3,57.6,0.28,-10.4,-0.31,195,500,1011,172,34.1,32.4,261,59.4,44,480,16,50,1.47,15.5,353,107,10.38,3.15,0.1,0.32,17.5,8,0.1,-0.9,0.3,10843,207001,78512,4346,5141,4834,5815,1426,2752,28.4,-1.1,260,840,217,61,1130,12743,1679,420,32,151,621,719,153,60,45,20,10843,50,285,610,17.94,427,72,20,45,29,17,65,1.91,46,8,2,3,5,1,461,273,214,183,64,225,530,305,348,118,230,350,649,10,18050,1979,6094,8065,4083,657,18046,478,214,241,50.4,9037,49860,24886,471,328,105,516,273,10733,1113,159,23,463,353,50,1744,495,478
Male,FC Cincinnati,45.2,60,47,56,4,5,77,4,55.7,51.8,42.8,94.6,443,1194,1.76,1.38,1.65,3.03,1.64,1.26,2.9,1.52,2.78,56,1.65,161,103,12,13,9,6,10,7,3,0,2,7,1,52.5,0.27,-2.5,-0.07,174,490,570,129,50.4,39.7,285,71.2,49.3,566,32,31,0.91,13.7,433,162,12.74,4.76,0.13,0.35,16.9,13,0.12,4.3,4.2,10853,196756,80453,4855,5672,4457,5384,1251,2444,40.8,4.2,337,979,275,68,1194,12701,1558,385,56,124,505,646,152,66,61,1,10853,56,270,768,22.59,560,71,41,41,40,15,106,3.12,77,4,8,10,5,2,594,311,314,209,71,277,583,306,387,115,272,329,691,3,18279,1917,5608,8357,4498,684,18274,568,279,256,45.1,9591,48241,23362,443,360,142,552,295,10783,1186,152,17,426,343,56,1826,451,430
Male,FC Dallas,49.5,46,34,45,1,1,78,3,42.4,41.7,32.7,74.4,539,1207,1.35,1,1.32,2.32,1.25,0.96,2.21,1.23,2.19,37,1.09,133,94,14,11,9,8,7,5,2,0,2,3,0,38.6,0.24,1.6,0.05,91,371,755,130,32.1,31.9,267,48.3,38.9,521,20,19,0.56,12.2,401,134,11.79,3.94,0.11,0.34,17.8,13,0.11,3.6,3.3,13450,234531,81408,6222,6916,5665,6488,1276,2493,30.9,1.3,302,925,274,50,1207,15027,1579,393,69,131,462,672,149,44,58,1,13450,55,247,698,20.53,527,58,32,40,30,11,84,2.47,61,4,5,6,6,2,530,299,254,209,67,271,553,282,310,105,205,301,656,6,20035,2372,7334,8813,4057,682,20034,524,264,234,44.7,11201,57296,29417,539,375,138,463,234,13352,1203,159,17,402,366,55,1681,297,400
Male,Houston Dynamo,48.4,43,30,38,5,6,95,6,44.3,39.8,30.6,70.4,533,1193,1.26,0.88,1.12,2,1.3,0.9,2.2,1.17,2.07,56,1.65,163,108,10,6,18,6,8,6,1,1,2,8,2,52.5,0.29,-1.5,-0.05,131,358,914,168,21.4,27.9,324,50,39.9,563,25,39,1.15,14.3,384,128,11.29,3.76,0.1,0.3,18.4,12,0.11,-1.3,-1.8,13023,246170,85826,5100,5713,6085,6843,1597,2719,29.9,-0.6,287,983,230,64,1193,14443,1487,366,63,137,532,555,151,54,46,7,13023,52,236,678,19.94,527,44,27,39,28,13,71,2.09,52,2,5,9,2,1,519,291,259,199,61,258,536,278,331,128,203,333,698,3,19551,2399,7189,8331,4204,571,19545,587,299,262,44.6,10905,57872,30747,533,421,111,466,228,12934,1183,153,20,384,325,52,1601,332,383
Male,Inter Miami,47.4,46,31,41,5,5,69,5,42,38.1,30.5,68.6,566,1157,1.35,0.91,1.21,2.12,1.23,0.9,2.13,1.12,2.02,56,1.65,156,101,14,6,14,6,5,4,0,1,2,2,1,52.2,0.31,-2.8,-0.08,144,414,842,180,33,33.2,295,46.1,39.2,505,31,18,0.53,11.2,374,139,11,4.09,0.11,0.29,18.5,15,0.1,4,2.9,12686,226150,82015,5767,6419,5165,5969,1419,2491,29.9,0.5,297,884,243,51,1157,14160,1453,375,55,158,424,557,137,65,39,0,12686,67,228,686,20.18,529,50,39,21,32,15,81,2.38,60,4,6,4,6,1,556,305,283,222,51,283,591,308,333,121,212,332,628,6,19232,2342,7033,8125,4279,600,19227,579,289,260,44.9,10843,57455,29274,566,440,151,505,229,12577,1149,139,22,405,344,67,1707,292,309
Male,LA Galaxy,56.1,57,42,48,9,14,80,4,59.6,49.1,40.4,89.5,643,1635,1.68,1.24,1.41,2.65,1.75,1.19,2.94,1.44,2.63,51,1.5,141,89,14,8,12,7,7,6,1,0,1,5,0,45.2,0.28,-5.8,-0.17,129,349,967,181,22.9,28.2,234,54.7,41.4,428,22,83,2.44,19.4,461,159,13.56,4.68,0.1,0.3,18.3,24,0.11,-2.6,-1.1,16014,277859,96021,7427,8215,6661,7506,1528,2472,44.2,1.6,364,1229,356,74,1635,17492,1562,436,52,181,608,576,199,83,46,0,16014,56,259,840,24.71,648,60,35,47,42,8,100,2.94,78,4,6,6,6,0,505,264,232,210,63,252,534,282,271,83,188,292,526,11,22459,2028,6483,10248,5922,816,22445,594,287,281,47.3,13475,67604,35024,643,569,168,471,265,15923,1624,151,23,409,371,56,1714,308,279
Male,Los Angeles FC,51.8,65,41,60,5,7,79,2,62.2,56.7,43.4,100.1,570,1557,1.91,1.21,1.76,2.97,1.83,1.28,3.11,1.67,2.94,38,1.12,116,80,21,4,9,9,4,4,0,0,3,6,2,33.7,0.26,-2.3,-0.07,165,423,758,165,38.7,34.5,236,55.1,42.2,470,33,43,1.26,15.3,525,189,15.44,5.56,0.11,0.32,17.4,21,0.11,2.8,3.3,12882,224786,88181,6091,6866,5170,6105,1292,2383,38.4,-2.4,377,1169,335,54,1557,14550,1629,441,53,111,589,672,209,156,40,1,12882,48,285,903,26.56,644,85,52,67,39,16,106,3.12,77,4,7,12,4,2,573,351,278,203,92,312,629,317,309,93,216,325,570,5,19954,1840,5920,8785,5463,868,19947,670,343,294,43.9,11256,59091,30339,570,444,184,541,346,12774,1544,149,22,463,400,48,1853,455,422
Male,Minnesota Utd,45.8,46,31,43,3,4,79,2,45.6,42.3,31.1,73.4,538,1416,1.35,0.91,1.26,2.18,1.34,0.92,2.26,1.24,2.16,51,1.5,164,116,14,6,14,5,5,4,1,0,2,5,4,53.8,0.3,6.8,0.2,151,455,682,144,41.9,36.9,276,61.2,44.8,561,14,35,1.03,14.2,417,134,12.26,3.94,0.1,0.32,18.2,23,0.1,0.4,0.7,11442,205446,84324,5141,5868,4625,5530,1331,2496,32.9,-0.1,310,1089,260,58,1416,13132,1594,373,55,133,574,682,178,87,75,1,11442,52,279,721,21.21,521,61,41,45,42,11,81,2.38,58,5,6,6,3,3,512,319,228,215,69,253,547,294,386,121,265,356,725,8,18724,2054,5993,8036,4898,700,18720,704,360,320,45.5,9990,53762,27069,538,386,129,602,304,11353,1408,107,21,402,354,52,1889,369,442
Male,Nashville,46.3,52,37,45,7,9,73,2,52.6,45.8,36.2,81.9,488,1205,1.53,1.09,1.32,2.41,1.55,1.06,2.61,1.35,2.41,41,1.21,146,103,13,11,10,9,9,7,2,0,3,6,0,43.6,0.24,2.6,0.08,183,456,714,162,41.2,35.2,283,57.2,44,434,41,22,0.65,11.3,437,147,12.85,4.32,0.1,0.31,16.7,16,0.11,-0.6,-0.8,11732,224482,85650,4557,5249,5446,6384,1489,2687,33.1,0.8,315,920,235,92,1205,13499,1469,373,28,122,655,581,158,92,57,1,11732,68,240,772,22.71,543,77,32,66,44,10,87,2.56,53,8,3,15,7,1,468,269,231,189,48,229,472,243,331,106,225,320,597,12,18357,2027,6367,8130,4009,739,18348,390,195,176,45.1,9530,48395,24811,488,338,126,438,235,11634,1191,140,17,388,367,68,1646,578,441
Male,New England,51.3,47,36,41,6,6,56,2,44.7,40.3,33.8,74.2,602,1554,1.38,1.06,1.21,2.26,1.32,0.99,2.31,1.19,2.18,50,1.47,162,110,10,12,12,9,12,8,4,0,1,3,2,59.5,0.3,11.5,0.34,108,360,755,204,31.3,32.7,255,48.6,41.3,464,34,17,0.5,11.7,431,145,12.68,4.26,0.1,0.28,17.3,11,0.1,2.3,0.7,14091,259848,91166,5853,6565,6366,7345,1609,2684,36.7,2.2,349,1111,305,109,1554,15851,1520,391,35,153,728,631,158,51,56,2,14091,48,295,791,23.26,609,63,34,41,33,11,87,2.56,68,3,4,5,7,0,465,267,216,178,71,219,425,206,357,132,225,286,616,7,20869,2092,6681,9362,5024,723,20863,521,280,210,40.3,11937,65763,32893,602,474,137,514,253,13971,1536,127,22,342,352,48,1753,388,377
Male,NY Red Bulls,42.9,48,29,39,9,10,85,5,45.5,37.7,26.4,64,481,1192,1.41,0.85,1.15,2,1.34,0.78,2.11,1.11,1.88,41,1.21,116,75,15,8,11,8,1,1,0,0,1,6,0,40,0.35,-1,-0.03,161,555,718,120,53.5,40.4,216,79.2,55.3,370,31,77,2.26,19.8,441,142,12.97,4.18,0.09,0.27,19,21,0.09,2.5,1.3,8238,153320,67958,3509,4415,3548,4708,973,2462,26.2,2.6,301,858,249,51,1192,10703,1620,406,37,73,556,746,176,109,18,1,8238,52,282,737,21.68,517,80,27,38,55,20,80,2.35,53,6,4,5,10,2,690,396,273,315,102,308,683,375,406,69,337,381,554,7,16429,1485,4830,7299,4517,751,16419,549,240,275,50.1,7678,41470,20390,481,374,149,538,271,8152,1179,134,23,525,381,52,2081,652,629
Male,NYCFC,56.4,56,39,49,7,9,81,2,58.5,52.8,41.3,94.1,678,1486,1.65,1.15,1.44,2.59,1.72,1.21,2.94,1.55,2.77,41,1.21,119,80,16,7,11,14,1,1,0,0,0,2,2,38.4,0.32,-0.6,-0.02,131,372,1072,159,23.4,29.7,233,51.9,40.4,404,13,25,0.74,14.2,473,162,13.91,4.76,0.1,0.3,17.2,12,0.12,-2.5,-3.8,15247,264046,96238,7092,7885,6243,7171,1511,2558,42.3,-2.3,368,1081,323,66,1486,16924,1632,493,64,132,584,651,178,95,38,3,15247,53,294,843,24.79,621,75,46,61,29,11,94,2.76,62,6,7,10,5,4,533,315,243,226,64,242,492,250,367,89,278,280,591,9,22315,2303,7434,9796,5289,838,22306,608,302,277,45.6,13610,68312,34636,678,483,161,565,332,15106,1475,137,22,411,426,53,1942,391,389
Male,Orlando City,50.4,42,34,39,3,4,81,3,40.1,37.1,29.9,66.9,517,1406,1.24,1,1.15,2.15,1.18,0.88,2.06,1.09,1.97,53,1.56,140,88,14,6,14,9,6,6,0,0,1,5,1,50.8,0.33,-1.2,-0.04,128,287,567,113,31.7,30.5,257,41.6,34.8,460,29,21,0.62,13.2,404,120,11.88,3.53,0.1,0.33,18.3,10,0.09,1.9,1.9,12983,230276,84319,5993,6690,5444,6375,1313,2261,32.3,4.1,323,1161,266,61,1406,14373,1594,518,48,105,590,579,151,66,54,1,12983,42,237,723,21.26,546,72,26,41,30,8,70,2.06,45,9,3,8,4,1,579,338,308,200,71,302,577,275,323,93,230,292,579,4,19544,1819,5976,8741,5025,675,19540,485,218,239,49.3,10795,57879,30551,517,419,118,507,235,12889,1395,154,20,395,480,42,1663,389,363
Male,Philadelphia,43.9,70,49,61,9,10,68,3,59.3,51.6,38.7,90.3,451,1236,2.06,1.44,1.79,3.24,1.74,1.14,2.88,1.52,2.66,26,0.76,126,99,19,10,5,15,5,4,1,0,0,2,0,36,0.25,10,0.3,168,473,669,128,40.8,35.5,284,70.4,49.5,539,32,25,0.74,13.1,440,168,12.94,4.94,0.14,0.36,17.2,20,0.12,10.7,9.4,9706,186004,80462,4032,4844,4116,5120,1353,2589,38.7,10.3,316,846,275,76,1236,11726,1519,408,45,151,574,611,156,97,51,0,9706,57,288,769,22.62,534,78,30,57,57,13,117,3.44,80,6,8,12,10,1,595,369,300,231,64,277,584,307,366,114,252,387,690,2,17106,2008,5724,7311,4294,762,17096,448,198,236,52.7,8573,45281,22414,451,313,109,489,199,9620,1224,116,18,488,366,57,1864,536,529
Male,Portland Timbers,48.2,52,35,42,10,11,94,5,50.3,41.6,34.3,75.9,518,1326,1.53,1.03,1.24,2.26,1.48,1.01,2.49,1.22,2.23,53,1.56,173,121,11,13,10,6,2,1,1,0,1,7,2,56.4,0.32,5.4,0.16,135,462,641,130,43.5,37.6,299,61.2,47.5,606,22,18,0.53,11.5,429,132,12.62,3.88,0.1,0.32,18.6,18,0.1,1.7,0.4,12122,220050,82811,5392,6100,4939,5849,1441,2700,35.2,0.7,321,1053,276,55,1326,13899,1548,434,33,208,583,580,149,68,68,2,12122,28,232,776,22.82,568,57,34,49,53,15,95,2.79,59,9,5,8,14,0,566,338,308,174,84,285,623,338,318,125,193,368,734,6,19373,2218,6436,8285,4858,732,19362,593,307,263,44.4,10745,56925,29364,518,417,130,540,269,12013,1317,142,18,450,372,28,1829,400,448
Male,Real Salt Lake,47.4,43,33,42,1,2,69,1,45.1,43.6,33.7,77.3,531,1278,1.26,0.97,1.24,2.21,1.33,0.99,2.32,1.28,2.27,45,1.32,147,99,12,11,11,10,9,6,3,0,0,3,0,43.1,0.24,-1.9,-0.05,247,700,928,145,53.3,42.2,287,71.4,52,477,37,41,1.21,14.2,434,155,12.76,4.56,0.1,0.27,17.3,17,0.1,-2.1,-1.6,11727,226909,83739,4658,5316,5217,6073,1608,3031,32.2,-0.7,337,1012,253,92,1278,13551,1526,369,42,197,739,603,187,133,43,2,11727,65,226,768,22.59,561,70,52,42,33,10,78,2.29,56,9,5,5,3,0,465,282,228,179,58,217,483,266,313,90,223,363,594,9,18660,1959,5945,8161,4736,697,18658,583,291,254,43.6,9984,55704,27485,531,395,127,513,220,11627,1270,143,19,351,331,65,1683,411,439
Male,San Jose,56.4,52,35,45,7,7,66,1,44.9,39.5,30.8,70.3,581,1426,1.53,1.03,1.32,2.35,1.32,0.91,2.23,1.16,2.07,69,2.03,186,117,8,11,15,4,6,6,0,0,1,9,0,61.8,0.3,-7.2,-0.21,144,398,836,190,33.9,34.3,250,46,38.5,404,22,33,0.97,15.4,448,142,13.18,4.18,0.1,0.32,19.2,12,0.09,7.1,5.5,14658,270670,91543,6244,6978,6494,7376,1689,2779,35.1,4.2,335,1115,256,57,1426,16089,1698,499,59,166,596,659,187,56,88,0,14658,39,285,783,23.03,570,71,42,50,34,16,86,2.53,59,5,2,11,8,1,530,294,267,199,64,295,594,299,334,117,217,381,480,17,21414,2032,6630,9992,5026,648,21407,642,317,290,45.2,13087,68973,34487,581,450,113,561,338,14546,1421,126,18,377,457,39,1741,310,313
Male,Seattle,52.9,44,27,38,6,7,64,4,47.8,42.5,33.1,75.6,516,1458,1.29,0.79,1.12,1.91,1.4,0.97,2.38,1.25,2.22,46,1.35,159,112,12,5,17,6,7,6,1,0,1,4,0,51,0.29,5,0.15,150,360,798,148,29.4,32,306,40.8,36.5,429,10,16,0.47,12.4,413,123,12.15,3.62,0.09,0.31,17.6,14,0.11,-3.8,-4.5,14686,259607,93199,6829,7573,5850,6785,1637,2768,32.8,-6.1,297,1116,258,89,1458,16397,1583,438,34,186,717,587,167,52,64,1,14686,61,278,746,21.94,555,65,30,48,38,10,78,2.29,57,4,2,7,8,0,544,321,293,194,57,277,566,289,313,102,211,361,585,12,21529,2210,6563,9902,5239,691,21522,511,258,220,43.1,12412,62922,31327,516,457,125,464,282,14587,1453,141,20,335,405,61,1800,408,391
Male,Sporting KC,50,40,21,37,3,5,64,6,38.8,34.9,26.1,61,619,1197,1.18,0.62,1.09,1.71,1.14,0.77,1.91,1.03,1.8,54,1.59,138,83,11,7,16,8,6,4,2,0,1,4,1,48.6,0.31,-4.4,-0.13,124,363,720,137,34.2,33.9,245,47.8,40.7,414,9,12,0.35,13.3,410,140,12.06,4.12,0.09,0.26,19.1,23,0.09,1.2,2.1,13145,245860,78950,5416,6113,5890,6721,1584,2738,26.9,-5.1,298,1065,202,66,1197,14606,1665,501,36,189,561,689,141,72,41,4,13145,26,268,724,21.29,538,54,43,38,40,11,66,1.94,50,2,3,6,5,0,450,264,183,202,65,205,443,238,292,90,202,313,558,11,19647,1899,6101,8817,4930,650,19642,580,280,278,47.9,11226,63316,33432,619,491,164,537,254,13021,1184,117,21,375,410,26,1680,360,401
Male,Toronto FC,51,48,31,42,6,8,66,2,42.3,36,28.5,64.5,575,1415,1.41,0.91,1.24,2.15,1.24,0.84,2.08,1.06,1.9,66,1.94,184,119,9,7,18,3,4,3,1,0,1,9,2,60.3,0.32,-3.7,-0.11,144,474,944,207,36,33.1,306,43.8,38.4,514,30,75,2.21,19.3,364,133,10.71,3.91,0.12,0.32,18,13,0.1,5.7,6,13884,232800,87046,6770,7606,5465,6406,1221,2358,32.3,2.5,281,1086,267,27,1415,15526,1757,509,50,131,444,672,165,104,37,2,13884,41,287,651,19.15,486,44,42,39,34,6,82,2.41,53,6,9,6,8,0,535,304,251,199,85,246,501,255,360,115,245,341,610,6,21190,2285,6925,9204,5257,633,21183,751,370,338,45,11945,63904,31704,575,470,149,595,341,13778,1402,134,24,333,433,41,1880,363,385
Male,Vancouver,41.9,40,23,36,4,5,70,3,38.3,34.3,26.1,60.5,471,1294,1.18,0.68,1.06,1.74,1.13,0.77,1.89,1.01,1.78,57,1.68,146,87,12,7,15,9,7,5,2,0,0,5,0,46.2,0.28,-10.8,-0.32,152,406,492,136,42.5,36.8,277,71.1,49.7,509,39,17,0.5,10.4,382,119,11.24,3.5,0.09,0.3,17.7,9,0.09,1.7,1.7,11163,209371,80200,4695,5330,4963,5911,1337,2542,30.7,-3.1,275,987,272,84,1294,12868,1505,406,30,122,657,568,153,86,50,3,11163,52,237,675,19.85,486,63,31,49,33,13,65,1.91,49,3,3,3,6,1,502,316,267,170,65,223,532,309,349,132,217,351,661,5,17870,1959,5849,7952,4224,664,17865,443,231,193,43.6,9763,49535,24967,471,320,101,467,206,11078,1284,162,24,384,376,52,1693,419,467
Female,Angel City,48.8,22,13,20,2,5,28,1,24.2,20.1,14.2,34.2,305,712,1,0.59,0.91,1.5,1.1,0.64,1.74,0.91,1.56,27,1.23,101,74,8,5,9,4,5,4,1,0,0,3,1,28.7,0.24,2.7,0.12,96,209,685,107,19.4,29,194,39.2,33.1,374,22,19,0.86,12.3,252,84,11.45,3.82,0.08,0.24,18,2,0.08,-2.2,-0.1,6868,122022,52614,3072,3749,2951,3781,713,1500,16.6,-1.2,181,552,115,30,712,8345,1168,266,21,36,336,557,102,74,11,4,6868,44,224,443,20.14,304,42,35,31,15,16,40,1.82,25,2,5,5,2,1,509,319,273,165,71,222,414,192,288,89,199,278,545,15,12462,1517,4885,4937,2776,429,12457,396,186,195,49.2,5926,32464,15520,305,191,117,397,273,6783,701,74,20,232,230,44,1453,281,281
Female,Courage,55,45,33,43,2,2,22,0,37.2,35.6,26.1,61.8,422,972,2.05,1.5,1.95,3.45,1.69,1.19,2.88,1.62,2.81,33,1.5,108,75,9,5,8,7,2,2,0,0,1,5,0,33.5,0.3,0.5,0.02,59,171,676,129,18,26.8,143,34.3,32,241,20,16,0.73,12.6,300,116,13.64,5.27,0.14,0.37,15.7,7,0.12,7.8,7.4,8919,162646,59692,3606,4214,4229,5008,908,1735,27.2,6.9,214,672,189,62,972,10344,1096,212,13,67,492,572,115,56,37,5,8919,48,173,505,22.95,382,36,32,29,18,8,84,3.82,62,4,4,9,3,2,434,257,187,174,73,200,376,176,286,73,213,239,316,7,14115,1296,4615,5995,3650,551,14113,456,189,245,53.7,7547,39049,20831,422,273,115,390,274,8854,964,87,16,210,168,48,1436,194,228
Female,Current,48.1,29,20,23,6,7,25,1,29,23.5,18.8,42.2,350,779,1.32,0.91,1.05,1.95,1.32,0.85,2.17,1.07,1.92,29,1.32,100,72,10,6,6,6,5,4,1,0,0,4,2,31.7,0.27,4.7,0.21,93,253,580,112,28.6,32.4,184,47.3,36,307,21,33,1.5,16.5,253,105,11.5,4.77,0.09,0.22,17.5,12,0.09,0,-0.5,6146,114638,51686,2482,3177,2831,3662,735,1544,20.6,1.2,175,552,152,28,779,7612,1196,282,27,38,335,568,111,35,36,10,6146,34,226,440,20,309,45,22,18,33,13,52,2.36,38,3,3,2,5,1,436,254,207,182,47,154,305,151,263,70,193,234,408,6,11325,1277,4020,4722,2705,466,11318,358,151,184,51.4,5668,31094,15872,350,226,116,385,238,6083,771,93,20,227,229,34,1431,207,238
Female,Dash,47.5,32,22,29,3,3,34,0,25,22.7,16,38.6,330,701,1.45,1,1.32,2.32,1.14,0.73,1.86,1.03,1.76,27,1.23,82,57,10,6,6,6,3,3,0,0,0,0,2,26.3,0.29,1.3,0.06,124,363,602,79,39.9,34.4,168,73.2,43.6,261,23,43,1.95,16.2,278,92,12.64,4.18,0.1,0.32,17.9,6,0.08,7,6.3,6339,117369,47580,2607,3236,2845,3605,743,1699,16.9,6,190,495,124,30,701,7918,1130,257,20,41,351,554,101,56,29,0,6339,35,217,429,19.5,310,35,22,28,23,11,55,2.5,39,2,5,3,4,2,448,269,199,178,71,176,350,174,243,51,192,285,362,5,11640,1241,4279,4881,2619,420,11637,354,160,182,51.4,5703,30452,15558,330,191,115,374,226,6275,686,99,16,250,190,35,1463,242,275
Female,Gotham FC,49.1,16,14,16,0,0,36,1,21.1,21.1,16,37.1,306,649,0.73,0.64,0.73,1.36,0.96,0.73,1.69,0.96,1.69,46,2.09,135,91,4,1,17,3,7,7,0,0,0,3,2,37,0.23,-7,-0.32,74,187,494,98,28.9,30.9,210,21,25.6,403,32,19,0.86,11.5,234,74,10.64,3.36,0.07,0.22,17.2,10,0.09,-5.1,-5.1,7082,127878,52584,3101,3717,3118,3924,761,1590,17.4,-2,164,510,120,38,649,8500,1129,213,20,28,341,543,92,32,33,3,7082,47,198,381,17.32,262,40,23,25,22,9,25,1.14,14,3,2,3,1,2,462,277,237,166,59,184,365,181,289,89,200,221,453,10,12224,1623,5011,4825,2517,392,12224,332,156,162,48.8,6146,31366,16505,306,211,101,366,203,7032,640,90,21,227,187,47,1355,215,230
Female,Louisville,49,22,14,20,2,3,37,1,22.5,20.1,15,35.1,366,753,1,0.64,0.91,1.55,1.02,0.68,1.7,0.92,1.6,35,1.59,146,111,5,8,9,6,3,3,0,0,0,4,0,44.6,0.3,9.6,0.44,130,400,592,70,45.8,36.7,173,74.6,46.9,289,19,19,0.86,12.4,256,80,11.64,3.64,0.08,0.25,17.3,13,0.08,-0.5,-0.1,6408,116023,49823,2821,3501,2749,3575,708,1615,15.5,-1,177,487,129,36,753,7920,1223,300,11,26,445,589,104,57,26,5,6408,51,204,414,18.82,275,46,31,26,27,9,35,1.59,26,1,3,1,4,0,407,252,194,157,56,169,333,164,265,83,182,222,414,7,11770,1428,4238,4812,2866,413,11767,402,155,223,55.5,5797,32704,16081,366,231,102,375,235,6344,745,77,20,250,266,51,1420,300,290
Female,Pride,48.2,20,12,18,2,3,35,0,19.2,16.9,12,28.9,299,685,0.91,0.55,0.82,1.36,0.87,0.54,1.42,0.77,1.31,45,2.05,119,73,5,7,10,4,1,0,1,0,1,3,0,38.1,0.32,-6.9,-0.31,37,102,534,122,12.5,24.9,181,19.3,24.7,266,19,24,1.09,14.2,214,76,9.73,3.45,0.08,0.24,17.8,4,0.08,0.8,1.1,7297,126450,50928,3357,3999,3147,3837,644,1344,14,0,159,495,109,40,685,8529,1164,290,12,46,342,532,90,54,10,3,7297,39,245,368,16.73,271,35,21,14,18,9,34,1.55,25,1,2,3,2,1,384,225,173,146,65,185,325,140,250,54,196,255,410,6,12205,1437,4807,4882,2647,349,12202,375,186,170,45.3,6535,34055,16847,299,201,95,429,311,7238,677,97,25,243,251,39,1363,219,185
Female,Red Stars,51.6,34,26,32,2,4,21,2,32,28.8,20.4,49.3,352,784,1.55,1.18,1.45,2.64,1.45,0.93,2.38,1.31,2.24,28,1.27,91,62,9,6,7,8,3,1,1,1,0,5,0,28.8,0.3,0.8,0.04,70,189,441,73,26.5,30.9,153,47.1,35.6,313,8,16,0.73,13,263,100,11.95,4.55,0.12,0.32,16.9,6,0.11,2,3.2,7823,137898,55450,3555,4228,3370,4171,774,1506,19.8,5.6,185,592,138,32,784,9205,1194,305,35,55,350,519,115,49,49,5,7823,52,249,446,20.27,306,37,40,33,20,10,59,2.68,31,7,8,7,4,2,456,280,224,163,69,210,369,159,238,50,188,282,483,7,13114,1367,4775,5591,2856,463,13111,336,163,156,46.4,6437,34426,16416,352,232,117,411,235,7747,776,93,22,218,264,52,1437,241,224
Female,Reign,49.4,31,18,29,2,4,35,1,36.6,33.6,23.2,56.8,342,949,1.41,0.82,1.32,2.14,1.66,1.06,2.72,1.53,2.58,19,0.86,79,64,11,7,4,9,4,4,0,0,0,0,3,22.1,0.23,6.1,0.28,77,157,312,59,27.2,29.7,149,48.3,35,278,22,9,0.41,10.7,332,123,15.09,5.59,0.09,0.24,16.6,6,0.1,-5.6,-4.6,7428,135453,57296,3248,3921,3149,4004,891,1702,26,-5.2,242,690,211,73,949,9034,1097,251,31,59,453,571,85,46,25,4,7428,55,205,568,25.82,442,40,21,30,20,15,53,2.41,33,5,5,5,4,1,482,296,190,221,71,229,415,186,295,64,231,271,388,7,12903,1115,3608,5968,3470,583,12899,345,146,185,53.6,6535,31996,15546,342,238,122,427,248,7365,942,88,18,200,229,55,1568,302,244
Female,Spirit,52.6,25,16,21,4,5,35,0,30.9,27.1,20.5,47.6,354,747,1.14,0.73,0.95,1.68,1.41,0.93,2.34,1.23,2.16,33,1.5,98,65,3,10,9,4,3,2,1,0,0,4,1,37.3,0.36,5.3,0.24,57,149,652,120,16.7,25.6,179,22.3,25,300,26,19,0.86,12.4,295,103,13.41,4.68,0.07,0.2,17.3,4,0.09,-5.9,-6.1,7725,141664,57429,3119,3788,3680,4454,802,1549,20.8,-4.5,204,538,137,41,747,9128,1160,245,32,32,380,570,111,81,21,2,7725,37,241,482,21.91,343,52,31,37,13,6,46,2.09,32,3,1,4,6,0,402,234,196,159,47,179,355,176,240,45,195,254,435,7,12916,1559,5100,5297,2658,479,12911,395,181,195,49.4,6735,36141,18372,354,200,107,398,249,7634,739,84,25,229,184,37,1399,244,235
Female,Thorns,51.3,47,30,44,3,3,24,0,41.3,38.9,26.6,65.5,410,967,2.14,1.36,2,3.36,1.88,1.21,3.08,1.77,2.98,24,1.09,94,70,10,9,3,9,1,0,1,0,1,4,1,26.4,0.28,3.4,0.15,85,241,432,78,32.4,32.3,178,56.7,38.1,339,26,11,0.5,10.9,399,147,18.14,6.68,0.11,0.3,17.9,5,0.1,5.7,5.1,8134,146132,57651,3602,4173,3609,4295,804,1585,27.1,3.4,284,730,214,44,967,9393,1107,215,33,35,369,549,119,50,41,10,8134,27,211,670,30.45,492,38,49,51,21,19,78,3.55,55,4,5,8,6,0,402,234,178,164,60,178,329,151,234,46,188,257,419,6,13246,1281,4402,5638,3364,576,13243,442,191,232,52.5,7125,40082,20252,410,254,127,374,244,8076,959,90,19,186,193,27,1394,186,223
Female,Wave,49.4,32,23,27,5,5,29,1,32.3,28.6,20.7,49.3,258,717,1.45,1.05,1.23,2.27,1.47,0.94,2.41,1.3,2.24,21,0.95,83,58,10,6,6,9,7,3,4,0,1,4,0,24.3,0.21,3.3,0.15,193,406,757,91,34.5,32.7,200,72.5,46.2,336,21,23,1.05,13.8,280,94,12.73,4.27,0.1,0.29,16.3,7,0.11,-0.3,-1.6,6447,121875,55761,2603,3293,2898,3722,813,1753,21.7,2.3,194,518,165,60,717,8078,1202,237,27,24,429,611,111,77,16,8,6447,57,252,477,21.68,326,56,23,32,24,16,54,2.45,42,1,0,4,4,3,419,244,167,198,54,179,335,156,257,60,197,241,489,3,11899,1417,4433,4760,2812,456,11894,283,139,136,48.1,5496,27394,13177,258,172,77,367,243,6385,706,85,27,231,195,57,1400,328,308
